3.0.11 [Build: 1375083581],Windows,54wPDkfv0kT56UE0lv/LFkFJObH+Q4Irmo4Brfz1EcvjVhj8hJ+RCHcVTZSDKU2XvVvh+VLJpURulEHsAOsyBw==
3.0.11.1 [Build: 1375773286],Windows,Qfvcn4uQmKETDsD4LbtdbZR8rDetJ26Z/bVbu5SZJjMjGlYEMSbJnR4PtOBshdMSEwEsAJf1G+5tjx+onm2fDA==
3.0.12 [Build: 1378715177],Windows,x6wFA5xqjenf6kbAh36IC4CkrbT8/uSBpgjM9juSt9oxGCXLqHOC2oaYlB1zZSJZjT4sOrnp0M+uOdVjYCzLCg==
3.0.13 [Build: 1380283653],Windows,7dA+6EbVyMevol4gE3/Cu1WonRjqu1C6pTWF+txApbaiTgKtZ/ky+NVxluPkSDnCxXN1pOR4uGdF6B7LUqQgDQ==
3.0.13.1 [Build: 1382530211],Windows,bCIfLPUgTM6C0kNkesvhcxaDPvV9h6qLbYVy9cQVSP5lzaYebZaeDzAOOHsdjKcRTa6LU1oHEdz9D/d+2gxJCw==
3.0.14 [Build: 1394624943],Windows,F0WIO9sBVzG893AtX2Jfd98cH6yZPAnfMBNvBlQbAIfvfyiq+cbjZ31AUngEjq7UPIYdnYSsdRX9hczwdBrKAQ==
3.0.15 [Build: 1405341090],Windows,FKKAHPwV1swKwH6mqHqdcGuYm8o5mZw4WreBxJrQjOprC3NXXcJviPe0p7EZPI810HOWMfmQRUgFpggoRL8kAQ==
3.0.15.1 [Build: 1405341092],Windows,b+hr0KQWOVW2WEn49BmNb08R9zimsJcThm2gEeF7EAgRUeUDYzeplh5HrHmda0ftbbnrzWV33U/GOo2LAs/rAg==
3.0.16 [Build: 1407159763],Windows,Y1DuQGXo/8/rYznEGyeQHgpvZMuiCH4FYm4QVyAgLYyMpNpc/LM7XetVWhDQxGsNejkN/2olI7GVJkt4X+ooDg==
3.0.17 [Build: 1438673913],Windows,znDjHvCgmQF/jQKTK49X8tnXqF7AGXfS2XYcogww4XxNTBxp2tf1aFc/jgboKco9EuVa0ku2cf/xg9wW3Cm7AQ==
3.0.18 [Build: 1442998335],Windows,7uMCLHsNLl9pqL8m7foMBh4qsQZQ84eumhqWW7+A75WbQWFfN9XQ0f2UUEMzDQxbbLwWFuIO8XkzI90LbLG+Aw==
3.0.18.1 [Build: 1444491275],Windows,xqfa3CUd2GFiTqjJWYzcu9ZbxVVLng8qIMKlVxMqWdiM8JrTRiXBAaTBDd8Xc+flVe+rGSIOZTkXRsz1rqjiAA==
3.0.18.2 [Build: 1445512488],Windows,F0hY25Dtja0wcU6dzC39rNuYbhnDAbIwPHC3VO9Oicf13kUY2I2g6scPZ3p195Cw9gUYdBIRYm8ucHEhtSeWCw==
3.0.19 [Build: 1445263695],Windows,z2CS87ly6Z6AHMVfs4UjhL+xobHbr/QcjjvudTL7mfrfSwe4Bm0pBaoWw+xlo8Qvtkk1OQeYjZxwUXJOJJ1wDQ==
3.0.19.1 [Build: 1461588969],Windows,KYo52MA89dowkYpFU1KixgHngjbJ6F2Yi++5tbaqBlBpz9YikX2gI3sqmU1kP1ghsKCLKM7o0patDH1hv9bmAg==
3.0.19.2 [Build: 1466604985],Windows,DOzu7rCGb7kBID2WbBk35DjPijKkXzujnsAtLhXxhkQ+am0JlDOpuU1ISHhq9gCl/Qo0dzc723o0AIPI+yoCQ==
3.0.19.3 [Build: 1466672534],Windows,a1OYzvM18mrmfUQBUgxYBxYz2DUU6y5k3/mEL6FurzU0y97Bd1FL7+PRpcHyPkg4R+kKAFZ1nhyzbgkGphDWDg==
3.0.19.4 [Build: 1468491418],Windows,ldWL49uDKC3N9uxdgWRMTOzUuiG1nBqUiOa+Nal5HvdxJiN4fsTnmmPo5tvglN7WqoVoFfuuKuYq1LzodtEtCg==
3.0.19.4 [Build: 1468491418],Linux,jvhhk75EV3nCGeewx4Y5zZmiZSN07q5ByKZ9Wlmg85aAbnw7c1jKq5/Iq0zY6dfGwCEwuKod0I5lQcVLf2NTCg==
3.0.19.4 [Build: 1468491418],OSX,Pvcizdk3HRQMzTLt7goUYBmmS5nbAS1g2E6HIypLU+9eXTqGTBLim0UUtKc0s867TFHbK91GroDrTtv0aMUGAw==
3.0.20 [Build: 1465542546],Windows,vDK31sOwOvDpTXgqAJzmR1NzeUeSDG9dLMgIz5LCX+KpDSVD/qU60mzScz9tuc9AsLyrL8DxHpDDO3eQD+hYCA==
3.0.23 [Build: 1463662487],Android,RN+cwFI+jSHJEhggucIuUyEteWNVFy4iw0QDp3qn2UzfopypFVE9BPZqJjBUGeoCN7Q/SfYL4RNIRzJEQaZUCA==
3.0.3.2 [Build: 1433933257]Linux,akjyd+sG9Ty7UQ2AB3tum77784Jou7kTS79Khy7uTDb07FxsCkL/Qce3dHh29D5NJ9TzfOlPxiAMhaEmlFgdBw==
3.1 [Build: 1471417187],Windows,Vr9F7kbVorcrkV5b/Iw+feH9qmDGvfsW8tpa737zhc1fDpK5uaEo6M5l2DzgaGqqOr3GKl5A7PF9Sj6eTM26Aw==
3.1.6 [Build: 1502873983],Windows,73fB82Jt1lmIRHKBFaE8h1JKPGFbnt6/yrXOHwTS93Oo7Adx1usY5TzNg+8BKy9nmmA2FEBnRmz5cRfXDghnBA==
3.1.6 [Build: 1502873983],Linux,o+l92HKfiUF+THx2rBsuNjj/S1QpxG1fd5o3Q7qtWxkviR3LI3JeWyc26eTmoQoMTgI3jjHV7dCwHsK1BVu6Aw==
3.1.7 [Build: 1507896705],Windows,Iks42KIMcmFv5vzPLhziqahcPD2AHygkepr8xHNCbqx+li5n7Htbq5LE9e1YYhRhLoS4e2HqOpKkt+/+LC8EDA==
3.1.7 [Build: 1507896705],OSX,iM0IyUpaH9ak0gTtrHlRT0VGZa4rC51iZwSFwifK6iFqciSba/WkIQDWk9GUJN0OCCfatoc/fmlq8TPBnE5XCA==
3.?.? [Build: 5680278000],Android,AWb948BY32Z7bpIyoAlQguSmxOGcmjESPceQe1DpW5IZ4+AW1KfTk2VUIYNfUPsxReDJMCtlhVKslzhR2lf0AA==
3.?.? [Build: 5680278000],Windows,DX5NIYLvfJEUjuIbCidnoeozxIDRRkpq3I9vVMBmE9L2qnekOoBzSenkzsg2lC9CMv8K5hkEzhr2TYUYSwUXCg==
3.?.? [Build: 5680278000],IOS,XrAf+Buq6Eb0ehEW/niFp06YX+nGGOS0Ke4MoUBzn+cX9q6G5C0A/d5XtgcNMe8r9jJgV/adIYVpsGS3pVlSAA==
